{
  "categories": [
    "creative",
    "code",
    "factual",
    "reasoning",
    "conversational"
  ],
  "jaccard_matrix": [
    [
      1.0,
      0.7884240949193794,
      0.7734880763893559,
      0.8073519875396205,
      0.7860496558505408
    ],
    [
      0.7884240949193794,
      1.0,
      0.7899220489977729,
      0.8336102386111788,
      0.7785744968090329
    ],
    [
      0.7734880763893559,
      0.7899220489977729,
      1.0,
      0.8081795283931001,
      0.7494953758073987
    ],
    [
      0.8073519875396205,
      0.8336102386111788,
      0.8081795283931001,
      1.0,
      0.7983070225852603
    ],
    [
      0.7860496558505408,
      0.7785744968090329,
      0.7494953758073987,
      0.7983070225852603,
      1.0
    ]
  ],
  "overlap_matrix": [
    [
      1.0,
      0.8840716659047957,
      0.8863464421312187,
      0.9040231815606158,
      0.892777496640899
    ],
    [
      0.8840716659047957,
      1.0,
      0.8944267761323675,
      0.9225654811044628,
      0.8855916380197881
    ],
    [
      0.8863464421312187,
      0.8944267761323675,
      1.0,
      0.9192947307956344,
      0.8583542317553273
    ],
    [
      0.9040231815606158,
      0.9225654811044628,
      0.9192947307956344,
      1.0,
      0.9113685937145549
    ],
    [
      0.892777496640899,
      0.8855916380197881,
      0.8583542317553273,
      0.9113685937145549,
      1.0
    ]
  ],
  "universal_per_layer": {
    "0": 4145,
    "1": 5974,
    "2": 8584,
    "3": 7036,
    "4": 5441,
    "5": 4143,
    "6": 4040,
    "7": 4267,
    "8": 5057,
    "9": 5467,
    "10": 5633,
    "11": 5596,
    "12": 5780,
    "13": 5879,
    "14": 6103,
    "15": 6416,
    "16": 5637,
    "17": 5877,
    "18": 6238,
    "19": 6899,
    "20": 6597,
    "21": 7106,
    "22": 6933,
    "23": 7436,
    "24": 7312,
    "25": 7341,
    "26": 7302,
    "27": 7259,
    "28": 7298,
    "29": 7402,
    "30": 7342,
    "31": 8337
  },
  "specific_per_layer": {
    "creative": {
      "0": 266,
      "1": 42,
      "2": 11,
      "3": 47,
      "4": 137,
      "5": 266,
      "6": 279,
      "7": 261,
      "8": 185,
      "9": 148,
      "10": 175,
      "11": 196,
      "12": 187,
      "13": 168,
      "14": 139,
      "15": 120,
      "16": 178,
      "17": 125,
      "18": 89,
      "19": 57,
      "20": 44,
      "21": 31,
      "22": 30,
      "23": 19,
      "24": 20,
      "25": 28,
      "26": 36,
      "27": 32,
      "28": 35,
      "29": 42,
      "30": 44,
      "31": 32
    },
    "code": {
      "0": 132,
      "1": 26,
      "2": 8,
      "3": 26,
      "4": 60,
      "5": 111,
      "6": 118,
      "7": 112,
      "8": 118,
      "9": 90,
      "10": 119,
      "11": 109,
      "12": 106,
      "13": 98,
      "14": 87,
      "15": 81,
      "16": 92,
      "17": 64,
      "18": 78,
      "19": 54,
      "20": 53,
      "21": 44,
      "22": 38,
      "23": 39,
      "24": 39,
      "25": 35,
      "26": 42,
      "27": 42,
      "28": 42,
      "29": 43,
      "30": 36,
      "31": 49
    },
    "factual": {
      "0": 166,
      "1": 40,
      "2": 11,
      "3": 25,
      "4": 99,
      "5": 182,
      "6": 180,
      "7": 199,
      "8": 144,
      "9": 134,
      "10": 128,
      "11": 117,
      "12": 89,
      "13": 71,
      "14": 77,
      "15": 60,
      "16": 68,
      "17": 73,
      "18": 63,
      "19": 46,
      "20": 38,
      "21": 38,
      "22": 25,
      "23": 27,
      "24": 26,
      "25": 34,
      "26": 48,
      "27": 60,
      "28": 58,
      "29": 73,
      "30": 58,
      "31": 44
    },
    "reasoning": {
      "0": 114,
      "1": 34,
      "2": 7,
      "3": 37,
      "4": 60,
      "5": 128,
      "6": 141,
      "7": 159,
      "8": 167,
      "9": 111,
      "10": 97,
      "11": 105,
      "12": 108,
      "13": 74,
      "14": 69,
      "15": 61,
      "16": 66,
      "17": 62,
      "18": 45,
      "19": 24,
      "20": 32,
      "21": 16,
      "22": 16,
      "23": 9,
      "24": 23,
      "25": 11,
      "26": 23,
      "27": 41,
      "28": 39,
      "29": 32,
      "30": 33,
      "31": 23
    },
    "conversational": {
      "0": 152,
      "1": 36,
      "2": 2,
      "3": 25,
      "4": 102,
      "5": 191,
      "6": 266,
      "7": 251,
      "8": 160,
      "9": 134,
      "10": 148,
      "11": 130,
      "12": 147,
      "13": 142,
      "14": 119,
      "15": 92,
      "16": 127,
      "17": 112,
      "18": 74,
      "19": 49,
      "20": 31,
      "21": 26,
      "22": 33,
      "23": 12,
      "24": 19,
      "25": 33,
      "26": 39,
      "27": 57,
      "28": 63,
      "29": 71,
      "30": 102,
      "31": 96
    }
  }
}