{
  "categories": [
    "creative",
    "code",
    "factual",
    "reasoning",
    "conversational"
  ],
  "jaccard_matrix": [
    [
      1.0,
      0.7411305909034912,
      0.7026378506100666,
      0.736895666047019,
      0.7543000901845723
    ],
    [
      0.7411305909034912,
      1.0,
      0.7247453775436422,
      0.7673047931767961,
      0.751311270811071
    ],
    [
      0.7026378506100666,
      0.7247453775436422,
      1.0,
      0.7341635604576632,
      0.7029015003528437
    ],
    [
      0.736895666047019,
      0.7673047931767961,
      0.7341635604576632,
      1.0,
      0.7381639993319783
    ],
    [
      0.7543000901845723,
      0.751311270811071,
      0.7029015003528437,
      0.7381639993319783,
      1.0
    ]
  ],
  "overlap_matrix": [
    [
      1.0,
      0.8523225566703827,
      0.8531868425413613,
      0.8548569923475267,
      0.8633109149502592
    ],
    [
      0.8523225566703827,
      1.0,
      0.8676982362238223,
      0.8737835765788223,
      0.8603428144411751
    ],
    [
      0.8531868425413613,
      0.8676982362238223,
      1.0,
      0.868610918049087,
      0.8499516451770084
    ],
    [
      0.8548569923475267,
      0.8737835765788223,
      0.868610918049087,
      1.0,
      0.8523547699789756
    ],
    [
      0.8633109149502592,
      0.8603428144411751,
      0.8499516451770084,
      0.8523547699789756,
      1.0
    ]
  ],
  "universal_per_layer": {
    "0": 3773,
    "1": 5587,
    "2": 6786,
    "3": 5422,
    "4": 5016,
    "5": 3868,
    "6": 3777,
    "7": 3476,
    "8": 3902,
    "9": 4506,
    "10": 4860,
    "11": 5594,
    "12": 5802,
    "13": 5527,
    "14": 5765,
    "15": 5343,
    "16": 4988,
    "17": 4604,
    "18": 4734,
    "19": 5651,
    "20": 6272,
    "21": 5348,
    "22": 6129,
    "23": 6683,
    "24": 7395,
    "25": 7780,
    "26": 8067,
    "27": 8189,
    "28": 8848,
    "29": 9000,
    "30": 9027,
    "31": 9032,
    "32": 9049,
    "33": 9134,
    "34": 8948,
    "35": 8637,
    "36": 8668,
    "37": 8645,
    "38": 7987,
    "39": 9205
  },
  "specific_per_layer": {
    "creative": {
      "0": 272,
      "1": 137,
      "2": 122,
      "3": 262,
      "4": 424,
      "5": 568,
      "6": 604,
      "7": 673,
      "8": 468,
      "9": 389,
      "10": 349,
      "11": 330,
      "12": 316,
      "13": 317,
      "14": 311,
      "15": 415,
      "16": 391,
      "17": 401,
      "18": 331,
      "19": 263,
      "20": 189,
      "21": 201,
      "22": 127,
      "23": 96,
      "24": 66,
      "25": 43,
      "26": 47,
      "27": 37,
      "28": 40,
      "29": 18,
      "30": 31,
      "31": 28,
      "32": 39,
      "33": 27,
      "34": 35,
      "35": 31,
      "36": 49,
      "37": 43,
      "38": 63,
      "39": 57
    },
    "code": {
      "0": 437,
      "1": 61,
      "2": 32,
      "3": 101,
      "4": 115,
      "5": 173,
      "6": 208,
      "7": 257,
      "8": 247,
      "9": 245,
      "10": 266,
      "11": 194,
      "12": 230,
      "13": 266,
      "14": 251,
      "15": 241,
      "16": 231,
      "17": 206,
      "18": 186,
      "19": 163,
      "20": 131,
      "21": 209,
      "22": 154,
      "23": 106,
      "24": 97,
      "25": 69,
      "26": 66,
      "27": 75,
      "28": 57,
      "29": 42,
      "30": 57,
      "31": 59,
      "32": 68,
      "33": 72,
      "34": 79,
      "35": 78,
      "36": 90,
      "37": 96,
      "38": 126,
      "39": 93
    },
    "factual": {
      "0": 366,
      "1": 124,
      "2": 36,
      "3": 158,
      "4": 203,
      "5": 313,
      "6": 283,
      "7": 396,
      "8": 380,
      "9": 264,
      "10": 223,
      "11": 160,
      "12": 164,
      "13": 157,
      "14": 157,
      "15": 153,
      "16": 192,
      "17": 173,
      "18": 182,
      "19": 138,
      "20": 108,
      "21": 125,
      "22": 92,
      "23": 66,
      "24": 57,
      "25": 38,
      "26": 34,
      "27": 24,
      "28": 20,
      "29": 30,
      "30": 32,
      "31": 48,
      "32": 46,
      "33": 51,
      "34": 53,
      "35": 51,
      "36": 84,
      "37": 85,
      "38": 130,
      "39": 133
    },
    "reasoning": {
      "0": 439,
      "1": 56,
      "2": 33,
      "3": 160,
      "4": 214,
      "5": 299,
      "6": 351,
      "7": 351,
      "8": 297,
      "9": 208,
      "10": 204,
      "11": 227,
      "12": 183,
      "13": 171,
      "14": 162,
      "15": 169,
      "16": 186,
      "17": 178,
      "18": 121,
      "19": 112,
      "20": 82,
      "21": 112,
      "22": 55,
      "23": 52,
      "24": 28,
      "25": 41,
      "26": 15,
      "27": 16,
      "28": 16,
      "29": 11,
      "30": 22,
      "31": 21,
      "32": 24,
      "33": 26,
      "34": 29,
      "35": 42,
      "36": 45,
      "37": 55,
      "38": 68,
      "39": 88
    },
    "conversational": {
      "0": 212,
      "1": 116,
      "2": 23,
      "3": 134,
      "4": 207,
      "5": 316,
      "6": 396,
      "7": 496,
      "8": 369,
      "9": 362,
      "10": 241,
      "11": 257,
      "12": 252,
      "13": 262,
      "14": 252,
      "15": 259,
      "16": 322,
      "17": 302,
      "18": 259,
      "19": 181,
      "20": 168,
      "21": 176,
      "22": 106,
      "23": 82,
      "24": 58,
      "25": 30,
      "26": 32,
      "27": 26,
      "28": 20,
      "29": 28,
      "30": 29,
      "31": 35,
      "32": 36,
      "33": 39,
      "34": 36,
      "35": 49,
      "36": 53,
      "37": 76,
      "38": 95,
      "39": 109
    }
  }
}